discovered_at,capability_bucket,org_name_guess,url,title,snippet,query,matched_keywords,confidence_score,status
2026-01-06 14:35:29,Regulatory / FDA,Virginia's Emerging Life Sciences Incubators and Accelerators,https://news.biobuzz.io/2024/11/14/virginias-emerging-life-sciences-incubators-and-accelerators/,Virginia's Emerging Life Sciences Incubators and Accelerators,"Activate VA's programming includes business competitions, investor meetups, and access to regulatory experts who guide compliance and product ...",FDA regulatory consulting nonprofit accelerator Virginia,regulatory; ide,0.6,added
2026-01-06 14:35:29,Regulatory / FDA,Regulatory Accelerator,https://www.fda.gov/medical-devices/digital-health-center-excellence/regulatory-accelerator,Regulatory Accelerator,Regulatory Accelerator is an initiative featuring specific FDA resources that have been curated and presented to meet the information needs ...,FDA regulatory consulting nonprofit accelerator Virginia,fda; regulatory,0.6,added
2026-01-06 14:35:29,Regulatory / FDA,Virginia Life Sciences Ecosystem Helps Make Research ...,https://www.vedp.org/news/virginia-life-sciences-ecosystem-helps-make-research-breakthroughs-reality,Virginia Life Sciences Ecosystem Helps Make Research ...,"CvilleBioHub is one of several programs scattered across the state that provide resources, investment, and expertise to help life sciences companies grow.",FDA regulatory consulting nonprofit accelerator Virginia,ide,0.4,queued
2026-01-06 14:35:29,Regulatory / FDA,Regulatory Science Accelerator: Computational Modeling,https://reaganudall.org/regulatory-science-accelerator-computational-modeling-simulation-cms-fda-regulated-products,Regulatory Science Accelerator: Computational Modeling,The RSA represents opportunities for FDA to efficiently prepare for new science and technology that Agency staff will likely encounter in its regulatory work.,FDA regulatory consulting nonprofit accelerator Virginia,fda; regulatory,0.6,added
2026-01-06 14:35:29,Regulatory / FDA,FDA Regulated Consulting Services,https://dunnregulatory.com/,FDA Regulated Consulting Services | Oakton VA | Dunn ...,"Our expert consultants are US and EU strategists, who have a proven track record of resolving even the most complex regulatory situations.",FDA regulatory consulting nonprofit accelerator Virginia,fda; regulatory,0.5,queued
2026-01-06 14:35:29,Regulatory / FDA,Accorto Regulatory Solutions: Expert FDA Guidance,https://accortoreg.com/about/,Accorto Regulatory Solutions: Expert FDA Guidance,"Established in 2021 in Richmond, Virginia, Accorto Regulatory Solutions is an independent regulatory firm committed to providing ...",FDA regulatory consulting nonprofit accelerator Virginia,fda; regulatory; ind,0.7,added
2026-01-06 14:35:29,Regulatory / FDA,Biologics Consulting,https://biologicsconsulting.com/,Biologics Consulting | Achieve FDA Success,"Biologics Consulting is regulatory and product development consulting firm specializing in biologics, pharmaceuticals, and medical devices.",FDA regulatory consulting nonprofit accelerator Virginia,fda; regulatory,0.5,queued
2026-01-06 14:35:29,Regulatory / FDA,Virginia Accelerator Network,https://vipc.org/initiatives/virginia-accelerator-network/,Virginia Accelerator Network,The Virginia Accelerator Network (VAN) is a consortium of nonprofit entrepreneur support organizations (ESOs) dedicated to transforming economic development.,FDA regulatory consulting nonprofit accelerator Virginia,,0.5,queued
2026-01-06 14:35:29,Regulatory / FDA,Investigational New Drug (IND) Submission Support,https://www.criver.com/products-services/safety-assessment/ind-enabling-studies/investigational-new-drug-ind-submission-support,Investigational New Drug (IND) Submission Support,Charles River regulatory experts can guide you through the regulatory IND submission and filing process to help you achieve your goal of becoming ...,IND regulatory support organization,regulatory; ind; ide,0.7,added
2026-01-06 14:35:29,Regulatory / FDA,Investigational New Drug (IND) application,https://hallorancg.com/services/preclinical/investigational-new-drug-application,Investigational New Drug (IND) application,"Committed to addressing unmet patient needs, Halloran offers tailored regulatory support to ensure your IND application is expertly guided.",IND regulatory support organization,regulatory; ind; ide,0.7,added
2026-01-06 14:35:29,Regulatory / FDA,IND Application Support for Successful Clinical Trials,https://biobostonconsulting.com/investigational-new-drug-ind-application/,IND Application Support for Successful Clinical Trials,"At BioBoston Consulting, we provide expert guidance throughout the IND application process, ensuring that your submission meets regulatory requirements to ...",IND regulatory support organization,regulatory; ind; ide,0.7,added
2026-01-06 14:35:29,Regulatory / FDA,IND/IDE Support,https://ctsi.osu.edu/research-resources/regulatory-support/indide-support,IND/IDE Support - Clinical and Translational Science Institute,We provide: Request support for IND/IDE submissions and FDA meetings by contacting the CTSI-Regulatory Team.,IND regulatory support organization,fda; regulatory; ind; ide,1.0,added
2026-01-06 14:35:29,Regulatory / FDA,Investigational New Drug (IND) Submission Services,https://www.thefdagroup.com/services/ind,Investigational New Drug (IND) Submission Services,Expert IND consultants at The FDA Group offer unparalleled support for successful drug development submissions. Trust our experienced team ...,IND regulatory support organization,fda; ind,0.5,queued
2026-01-06 14:35:29,Regulatory / FDA,Regulatory Affairs Professionals Society,https://www.raps.org/,Regulatory Affairs Professionals Society | RAPS,"RAPS is the largest global organization of and for those involved with the regulation of healthcare and related products, including medical devices, ...",IND regulatory support organization,regulatory; regulatory affairs,0.6,added
2026-01-06 14:35:29,Regulatory / FDA,Regulatory Affairs,https://orbisclinical.com/regulatory-affairs/,Regulatory Affairs,Orbis Clinical can provide strategic and operational support to manage all biotech regulatory affairs projects and initiatives.,IND regulatory support organization,regulatory; regulatory affairs; ide,0.7,added
2026-01-06 14:35:29,Regulatory / FDA,Getting Started with INDs / IDEs,https://www.research.chop.edu/investigational-new-drug-and-device-support-program/getting-started-with-inds-ides,Getting Started with INDs / IDEs - CHOP Research Institute,"The IND/IDE Support Office will assist with FDA submissions, study design questions, and will provide training to study teams.",IND regulatory support organization,fda; ind; ide,0.8,added
2026-01-06 14:35:29,Regulatory / FDA,Regulatory Affairs,https://www.altasciences.com/research-support-services-cro/regulatory-affairs,Regulatory Affairs,We offer a complete Regulatory Solution by delivering expert end-to-end Regulatory Affairs and Regulatory Operations services for biotechnology and ...,IND regulatory support organization,regulatory; regulatory affairs,0.5,queued
2026-01-06 14:35:29,Regulatory / FDA,Nonprofits Are Ready to Repurpose Generic Drugs,https://petrieflom.law.harvard.edu/2025/10/02/nonprofits-are-ready-to-repurpose-generic-drugs/,Nonprofits Are Ready to Repurpose Generic Drugs,"FDA could formalize a route—either through guidance or legislation—that lets nonprofits cross-reference existing CMC files (i.e., the drug's ...",FDA pathway guidance nonprofit,fda,0.4,queued
2026-01-06 14:35:29,Regulatory / FDA,Inside the FDA's Quiet Move to Weaken Drug Approval ...,https://medshadow.org/drug-updates-recalls/drug-safety/fda-reducing-clinical-trial-requirements/,Inside the FDA's Quiet Move to Weaken Drug Approval ...,"FDA comments suggest upcoming changes to clinical trial requirements, with experts warning of potential safety risks.",FDA pathway guidance nonprofit,fda; ide,0.5,queued
2026-01-06 14:35:29,Regulatory / FDA,FDA AMT Strategic Plan,https://www.asgct.org/advocacy/policy-statements/fda-amt-strategic-plan,FDA AMT Strategic Plan,The AMT pathway holds great promise for the CGT field; a collaborative approach toward the program's implementation is essential to its success.,FDA pathway guidance nonprofit,fda,0.4,queued
2026-01-06 14:35:29,Regulatory / FDA,Comments Regarding the FDA's Draft Guidance for ...,https://www.citizen.org/article/comments-regarding-the-fdas-draft-guidance-for-accelerated-approval-of-drugs-and-biologics/,Comments Regarding the FDA's Draft Guidance for ...,The guidance states that accelerated approval of drugs and biologics can be based on two types of endpoints: a surrogate endpoint that is considered reasonably ...,FDA pathway guidance nonprofit,fda; ide,0.4,queued
2026-01-06 14:35:29,Regulatory / FDA,Regulatory Consulting,https://www.iqvia.com/solutions/research-and-development/consulting/regulatory-consulting,Regulatory Consulting,"Navigate regulatory challenges with IQVIA's expert guidance. Streamline compliance, mitigate risks, and accelerate product development for market success.",regulatory affairs consulting startup support,regulatory; regulatory consulting,0.5,queued
2026-01-06 14:35:29,Regulatory / FDA,Regulatory Sciences & Regulatory Affairs Consulting,https://www.propharmagroup.com/services/regulatory-sciences/,Regulatory Sciences & Regulatory Affairs Consulting,ProPharma's Regulatory Sciences team offers expert guidance and FDA submission support throughout the entire product development and launch processes.,regulatory affairs consulting startup support,fda; regulatory; regulatory affairs,0.7,added
2026-01-06 14:35:29,Regulatory / FDA,Regulatory Affairs,https://premier-research.com/capabilities/consulting/program-regulatory-strategy/regulatory-affairs/,Regulatory Affairs | CRO | Consulting,Premier Research provides regulatory affairs expertise to help you navigate global requirements and accelerate clinical development success.,regulatory affairs consulting startup support,regulatory; regulatory affairs; ide,0.7,added
2026-01-06 14:35:29,Regulatory / FDA,Regulatory Affairs,https://www.iconplc.com/solutions/consulting/regulatory-affairs,Regulatory Affairs,"Global Regulatory Strategy ICON offers full-service development and regulatory consultancy, providing both strategic and operational support throughout the ...",regulatory affairs consulting startup support,regulatory; regulatory affairs,0.5,queued
2026-01-06 14:35:29,Regulatory / FDA,Regulatory Affairs Consulting Services,https://www.thefdagroup.com/services/regulatory,Regulatory Affairs Consulting Services,"We'll work with you in both pre- and post-marketing drug safety regulations, regulatory filings, marketing authorization applications, variations and renewals.",regulatory affairs consulting startup support,regulatory; regulatory affairs,0.5,queued
2026-01-06 14:35:29,Regulatory / FDA,Strategic Regulatory Affairs Consulting Services,https://www.certara.com/services/early-development/regulatory-affairs-consulting/,Strategic Regulatory Affairs Consulting Services,Our Regulatory Affairs Consulting team offers standalone services & integrated support from product development to commercial and lifecycle maintenance.,regulatory affairs consulting startup support,regulatory; regulatory affairs,0.5,queued
2026-01-06 14:35:29,Regulatory / FDA,Regulatory Affairs,https://biotech.com/regulatory-affairs/,Regulatory Affairs,"PSC Biotech has been a trusted partner in regulatory affairs, providing expert consultants who help life science companies navigate local and global compliance ...",regulatory affairs consulting startup support,regulatory; regulatory affairs,0.5,queued
2026-01-06 14:35:29,Regulatory / FDA,ELIQUENT,https://eliquent.com/,"ELIQUENT - Regulatory clarity, from thought to finish.","From strategy to submission — ELIQUENT's CMC solutions help life sciences companies navigate technical, regulatory, and operational challenges with confidence.",regulatory affairs consulting startup support,regulatory; ide,0.5,queued
2026-01-06 14:35:29,Regulatory / FDA,Electronic Submissions Gateway Next Generation (ESG ...,https://www.fda.gov/industry/electronic-submissions-gateway-next-generation-esg-nextgen,Electronic Submissions Gateway Next Generation (ESG ...,ESG NextGen is the FDA's modernized platform for securely receiving and processing electronic regulatory submissions with improved architecture.,FDA submission support program,fda; regulatory,0.5,queued
2026-01-06 14:35:29,Regulatory / FDA,Requests for Feedback & Meetings: Q,https://www.fda.gov/regulatory-information/search-fda-guidance-documents/requests-feedback-and-meetings-medical-device-submissions-q-submission-program,Requests for Feedback & Meetings: Q-Submission Program,This guidance describes the mechanisms available through which submitters can request FDA feedback regarding potential or planned medical ...,FDA submission support program,fda,0.4,queued
2026-01-06 14:35:29,Regulatory / FDA,Drug and Device Regulatory Assistance Program,https://ictr.wisc.edu/program/drug-and-device-regulatory-assistance-program/,Drug and Device Regulatory Assistance Program,"FDA Submission Preparation: Assistance in preparing and submitting regulatory documents to the FDA, including pre-submission and meeting requests, INDs, and ...",FDA submission support program,fda; regulatory; ind,0.8,added
2026-01-06 14:35:29,Regulatory / FDA,FDA Q,https://alvamed.com/services/regulatory/fda-q-submission-support/,FDA Q-Submission Support,"The Q-Submission program is the best opportunity to engage with the FDA and get valuable feedback on your product's classification, regulatory pathway, ...",FDA submission support program,fda; regulatory,0.6,added
2026-01-06 14:35:29,Regulatory / FDA,The FDA Q,https://www.avaniaclinical.com/resources/path-to-approval-why-the-fda-q-submission-program-is-a-key-regulatory-strategy-component/,The FDA Q-Submission Program,"To help medical device manufacturers get their regulatory strategy questions answered early in the submission process, the FDA developed the Pre-Submission ...",FDA submission support program,fda; regulatory,0.6,added
2026-01-06 14:35:29,Regulatory / FDA,FDA Regulatory Support Program,https://research.utexas.edu/resources/human-subjects/regulatory-support-program,FDA Regulatory Support Program | Texas Research,"The UT Regulatory Support Program, part of the Human Research Protection Program (HRPP), offers comprehensive guidance and navigation support to investigators.",FDA submission support program,fda; regulatory,0.6,added
2026-01-06 14:35:45,Clinical & Translational Support,Support,https://cctr.vcu.edu/support/,Support - Wright Center - Virginia Commonwealth University,The Wright Center provides resources to advance meritorious clinical and translational health sciences research. These funding mechanisms enable ...,clinical translation support program Virginia,clinical; translational,0.6,added
2026-01-06 14:35:45,Clinical & Translational Support,Pilot Grant Funding Support,https://www.ithriv.org/ithriv-request-for,Pilot Grant Funding Support | integrated Translati,"The iTHRIV CTS Pilot Studies Program seeks to develop innovative approaches to translational science (TS) projects, and foster collaboration across iTHRIV ...",clinical translation support program Virginia,translational; cro,0.6,added
2026-01-06 14:35:45,Clinical & Translational Support,Funding,https://www.wvctsi.org/programs/funding/,Funding | West Virginia Clinical & ...,"The Pilot Projects Program provides a mechanism for soliciting and awarding clinical, translational, and community engagement projects.",clinical translation support program Virginia,clinical; translational,0.6,added
2026-01-06 14:35:45,Clinical & Translational Support,Translational Research Commercialization Support,https://research.ncsu.edu/rdo/translational-research-commercialization-support/,Translational Research Commercialization Support,"FastTraCS offers consultations for early-stage concepts from existing research and/or clinical observations, recruitment of local industry and ...",translational research commercialization support,clinical; translational; translational research,0.7,added
2026-01-06 14:35:45,Clinical & Translational Support,Michigan Translational Research & Commercialization ...,https://www.mtu.edu/research/innovation/mtrac/,Michigan Translational Research & Commercialization ...,MTRAC aims to advance materials-based technologies that address poorly-met market needs into commercial development.,translational research commercialization support,translational; translational research,0.5,queued
2026-01-06 14:35:45,Clinical & Translational Support,MTRAC Advanced Transportation Innovation Hub,https://innovationpartnerships.umich.edu/resource/mtrac-innovation-hub-for-advanced-transportation/,MTRAC Advanced Transportation Innovation Hub - UM,"A statewide program supporting translational research projects that have high commercial potential, with the ultimate goal of launching new technologies into ...",translational research commercialization support,translational; translational research,0.7,added
2026-01-06 14:35:45,Clinical & Translational Support,Other MTRAC Innovation Hubs and commercialization ...,https://techtransfer.wayne.edu/techtransfer/mtracinnovationhubs-commercializationfunding,Other MTRAC Innovation Hubs and commercialization ...,In 2016 the program expanded as a statewide program to support translational research throughout the state of Michigan. The expansion reinforces the ...,translational research commercialization support,translational; translational research,0.7,added
2026-01-06 14:35:45,Clinical & Translational Support,University Programs for Entrepreneurial Opportunities,https://www.michiganbusiness.org/services/entrepreneurial-opportunity/university-programs/,University Programs for Entrepreneurial Opportunities,"Michigan's research institutions play a key role in the entrepreneurial spirit across the state – collaborating to support translational research, technology",translational research commercialization support,translational; cro; translational research,0.8,added
2026-01-06 14:35:45,Clinical & Translational Support,Translational research funding,https://innovate.unc.edu/office-of-technology-commercialization/inventors/translational-research-funding/,Translational research funding | Innovate Carolina,The Office of Technology Commercialization (OTC) provides funding to support the development and translation of promising technologies toward commercially ...,translational research commercialization support,translational; translational research,0.5,queued
2026-01-06 14:35:45,Clinical & Translational Support,CTSA Trial Innovation Network,http://ncats.nih.gov/research/research-activities/ctsa/projects/tin,CTSA Trial Innovation Network,Our vision for the TIN is to address roadblocks in clinical trials and to speed the translation of interventions into life-saving treatment.,clinical trials support innovation hub,clinical; clinical trial,0.6,added
2026-01-06 14:35:45,Clinical & Translational Support,Trial Innovation Network (TIN),https://med.stanford.edu/spectrum/researcher-resources/trial-innovation-network.html,Trial Innovation Network (TIN) - Stanford Medicine,The Trial Innovation Network (TIN) is a CTSA program funded to support multi-site (three or more sites) as well as decentralized clinical research.,clinical trials support innovation hub,clinical; clinical research,0.7,added
2026-01-06 14:35:45,Clinical & Translational Support,Trial Innovation Network,https://www.mayo.edu/research/centers-programs/center-clinical-translational-science/resources/trial-innovation-network,Trial Innovation Network - Center for Clinical and ...,The Trial Innovation Network was started by the National Institutes of Health (NIH) in 2017 to help researchers carry out multicenter clinical trials better.,clinical trials support innovation hub,clinical; clinical trial,0.8,added
2026-01-06 14:35:45,Clinical & Translational Support,Clinical Trials Support Units,https://medresearch.umich.edu/office-research/about-office-research/our-units/clinical-trials-support-office/clinical-trials-support-units,Clinical Trials Support Units | University of Michigan Medical ...,CTSUs are business units that partner with investigators and their teams to ensure the timely and efficient activation and execution of clinical trials at ...,clinical trials support innovation hub,clinical; clinical trial,0.5,queued
2026-01-06 14:35:45,Clinical & Translational Support,Center for Clinical Trials Innovation (CCTI),https://dbei.med.upenn.edu/center-of-excellence/center-for-clinical-trials-innovation-ccti/,Center for Clinical Trials Innovation (CCTI) - Penn DBEI,"Center for Clinical Trials Innovation (CCTI). An international research, training, and collaboration hub that will improve health through methodological ...",clinical trials support innovation hub,clinical; clinical trial,0.7,added
2026-01-06 14:35:45,Clinical & Translational Support,Trial Innovation Unit Resources,https://ctscweb.weill.cornell.edu/research-resources/trial-innovation-unit-resources,Trial Innovation Unit Resources | Clinical & Translational ...,"The TICs are charged with coordinating and providing innovative, high quality operational support for clinical trials. TICs – Duke University/Vanderbilt ...",clinical trials support innovation hub,clinical; translational; clinical trial,0.7,added
2026-01-06 14:35:45,Clinical & Translational Support,Trial Innovation Network (TIN),https://ctsi.ucsf.edu/about-us/programs/trial-innovation-network,Trial Innovation Network (TIN),"The vision for the TIN is to improve the efficiency and effectiveness of multi-site clinical trials through operational innovation, shared infrastructure, and ...",clinical trials support innovation hub,clinical; clinical trial,0.6,added
2026-01-06 14:35:45,Clinical & Translational Support,Trial Innovation Network (TIN),https://ctsi.umn.edu/services/multi-site-studies/trial-innovation-network-tin,Trial Innovation Network (TIN),"A collaborative national network for multi-site clinical trials that focuses on operational innovation, excellence, and collaboration.",clinical trials support innovation hub,clinical; clinical trial,0.6,added
2026-01-06 14:35:45,Clinical & Translational Support,i,https://dcri.org/solutions/i-cubed-dcri-innovation-center,i-Cubed: DCRI Innovation Center,"i-Cubed is the center for clinical research innovation, powered by the unique expertise and resources of the Duke Clinical Research Institute (DCRI).",clinical trials support innovation hub,clinical; clinical research,0.7,added
2026-01-06 14:35:45,Clinical & Translational Support,Research Support: Clinical Trials Innovation Unit (CTIU),https://tri.uams.edu/resources-and-services/tri-services/clinical-trials-innovation-unit/,Research Support: Clinical Trials Innovation Unit (CTIU),The purpose of the Clinical Trials Innovation Unit is to support high quality multi-site research studies and streamline the trial start-up processes.,clinical trials support innovation hub,clinical; clinical trial,0.5,queued
2026-01-06 14:35:45,Clinical & Translational Support,CRO Coaching Program: Incubator Conversion Accelerator,https://conversionadvocates.com/ecommerce-incubator-conversion-accelerator/,CRO Coaching Program: Incubator Conversion Accelerator,This program is designed to help eCommerce and SaaS business owners and marketers increase revenue and decrease costs using CRO.,CRO support startup accelerator,cro,0.5,queued
2026-01-06 14:35:45,Clinical & Translational Support,Accelerator™ Drug Development,https://www.ppd.com/how-we-help/integrated-cro-and-cdmo-solutions/,Accelerator™ Drug Development,"Integrated CRO and CDMO solutions encompass contract research, drug development, and manufacturing within a single organization.",CRO support startup accelerator,cro,0.5,queued
2026-01-06 14:35:45,Clinical & Translational Support,The CRO Growth Accelerator,https://www.crogenie.com/accelerator/plan,The CRO Growth Accelerator,"Choose from 117 proven, battle-tested ideas to optimize ANY landing page. Build your own fully prioritized, high-impact CRO plan in minutes.",CRO support startup accelerator,cro,0.4,queued
2026-01-06 14:35:45,Clinical & Translational Support,Cronos Accelerator Program,https://cronos.org/accelerator,Cronos Accelerator Program,"Cronos Accelerator Program is a Web3 accelerator providing startups with seed funding and advisory support through mentoring sessions, bespoke masterclasses ...",CRO support startup accelerator,cro,0.5,queued
2026-01-06 14:35:45,Clinical & Translational Support,CRO Accelerator,https://cro-accelerator.thecrocollective.com/,CRO Accelerator - The CRO Collective,"The CRO Accelerator Course is a 12-week, live online group course and membership community designed to develop and train Chief Revenue Officers.",CRO support startup accelerator,cro,0.4,queued
2026-01-06 14:35:45,Clinical & Translational Support,SBH Sciences' Post,https://www.linkedin.com/posts/sbh-sciences_startupaccelerator-cro-biotech-activity-7391179162192986113-sY_f,SBH Sciences' Post,"In case you haven't heard of us yet, SBH is a pre-clinical CRO and startup accelerator specializing in anti-inflammatory and anti-cancer ...",CRO support startup accelerator,clinical; cro,0.6,added
2026-01-06 14:35:45,Clinical & Translational Support,Association of Clinical Research Professionals,https://acrpnet.org/,Association of Clinical Research Professionals - ACRP,"ACRP supports individuals and life science organizations globally by providing community, education, and credentialing programs. Founded in 1976, ACRP is a ...",clinical development support nonprofit,clinical; clinical research,0.8,added
2026-01-06 14:35:45,Clinical & Translational Support,Accelerate access to clinical trials,https://www.panfoundation.org/accelerate-access-to-clinical-trials/,Accelerate access to clinical trials,"By increasing awareness and involvement in clinical research, we can help to ensure that medical advancements benefit everyone. Support clinical trial education.",clinical development support nonprofit,clinical; clinical trial; clinical research,0.7,added
2026-01-06 14:35:45,Clinical & Translational Support,Support a Trial,https://www.gcaresearch.org/support-a-trial/,Support a Trial | Donate to Advance Clinical Research,Your donations go directly to innovative clinical trial development and operations – helping to bring new treatments to patients.,clinical development support nonprofit,clinical; clinical trial; clinical research,0.7,added
2026-01-06 14:35:45,Clinical & Translational Support,CISCRP,https://www.ciscrp.org/,CISCRP - Clinical Research Programs and Services,Welcome to CISCRP. CISCRP is a 501(C)(3) non-profit organization dedicated to engaging the public and patients as partners in the clinical research process.,clinical development support nonprofit,clinical; clinical research,0.7,added
2026-01-06 14:35:45,Clinical & Translational Support,McKesson Foundation,https://www.mckesson.com/commitments/mckesson-foundation/,McKesson Foundation,"The Foundation's mission is to remove barriers to quality healthcare across North America, especially for vulnerable and underserved communities.",clinical development support nonprofit,cro,0.4,queued
2026-01-06 14:35:45,Clinical & Translational Support,Alliance Foundation,https://www.allianceforclinicaltrialsinoncology.org/main/public/standard.xhtml?path=%2FPublic%2FFoundation,Alliance Foundation,"A nonprofit, tax-exempt foundation - has raised funds to help the Alliance for Clinical Trials in Oncology answer important treatment questions.",clinical development support nonprofit,clinical; clinical trial,0.8,added
2026-01-06 14:35:45,Clinical & Translational Support,About Us,https://chdifoundation.org/about-us/,About Us,"CHDI Foundation is a privately-funded, nonprofit biomedical research organization devoted to a single disease – Huntington's disease (HD).",clinical development support nonprofit,,0.4,queued
2026-01-06 14:36:01,IP / Legal / Licensing,LICENSE: Center for Tech Commercialization,https://link.vt.edu/license.html,LICENSE: Center for Tech Commercialization,We deliver top-tier technology commercialization services to support licensing of technologies to existing companies and promote start-up formation.,technology transfer licensing office Virginia,licensing,0.4,queued
2026-01-06 14:36:01,IP / Legal / Licensing,UVA Licensing & Ventures Group,https://lvg.virginia.edu/,UVA Licensing & Ventures Group - The University of Virginia,Technology Transfer. Learn more about how we bring ideas to the marketplace—and how you can apply your talents and resources. Learn More. Disclose Your ...,technology transfer licensing office Virginia,licensing; technology transfer,0.5,queued
2026-01-06 14:36:01,IP / Legal / Licensing,VA Technology Transfer Program,https://www.research.va.gov/programs/tech_transfer/,VA Technology Transfer Program - VA Research,The mission of the VA Technology Transfer Program (TTP) is to facilitate the commercialization of VA inventions to benefit Veterans and the American public.,technology transfer licensing office Virginia,technology transfer,0.4,queued
2026-01-06 14:36:01,IP / Legal / Licensing,Langley Research Center,https://technology.nasa.gov/center/larc,Langley Research Center,"Technology Transfer Office MS: 020. Hampton, VA 23681-2199. LARC-TechTransfer@mail.nasa.gov. Stay up to date, follow NASA's Technology Transfer Program on:.",technology transfer licensing office Virginia,technology transfer,0.5,queued
2026-01-06 14:36:01,IP / Legal / Licensing,Commercialization,https://research.vcu.edu/commercialization/,Commercialization - Research and Innovation - Virginia ...,"VCU TechTransfer and Ventures is a full-service technology transfer office exclusively responsible for protecting, marketing, licensing and commercializing VCU ...",technology transfer licensing office Virginia,licensing; technology transfer,0.5,queued
2026-01-06 14:36:01,IP / Legal / Licensing,Intellectual Property Clinic,https://tec.illinois.edu/programs/ipclinic,Intellectual Property Clinic - Technology Entrepreneur Center,Selected student entrepreneurs who have participated in TEC's programs may get their patent and trademark applications drafted at no cost.,startup IP legal clinic university,ip; intellectual property; patent,0.9,added
2026-01-06 14:36:01,IP / Legal / Licensing,Technology/Intellectual Property Law Field Clinic (TIP Clinic®),https://law.depaul.edu/academics/experiential-learning/legal-clinics/technology-intellectual-property/Pages/default.aspx,Technology/Intellectual Property Law Field Clinic (TIP Clinic®),"The TIP Clinic, a successor to one of the first intellectual property clinics in the country, enables students to gain practice experience in Intellectual ...",startup IP legal clinic university,ip; intellectual property,0.5,queued
2026-01-06 14:36:01,IP / Legal / Licensing,Entrepreneurship Clinic,https://michigan.law.umich.edu/academics/experiential-learning/clinics/entrepreneurship-clinic-0,Entrepreneurship Clinic,An innovative clinical law program that represents and advises University of Michigan student-led entrepreneurial ventures and other entrepreneurial ventures.,startup IP legal clinic university,ip,0.4,queued
2026-01-06 14:36:01,IP / Legal / Licensing,Intellectual Property Law Clinic,https://law.northeastern.edu/experience/clinics/ip-clinic/,Intellectual Property Law Clinic - School of Law,Law students provide IP-related legal services to individuals and ventures within the university's entrepreneurship and innovation ecosystem.,startup IP legal clinic university,ip; intellectual property,0.5,queued
2026-01-06 14:36:01,IP / Legal / Licensing,IP Patent Clinic,https://law.uic.edu/experiential-education/clinics/patent/,IP Patent Clinic | UIC Law | University of Illinois Chicago,"Explore UIC Law's IP Patent Clinic, offering inventors free patent services and hands-on student training in real-world patent prosecution.",startup IP legal clinic university,ip; patent,0.5,queued
2026-01-06 14:36:01,IP / Legal / Licensing,Entrepreneurship Clinic,https://law.washu.edu/academics/clinical-programs/entrepreneurship-clinic/,Entrepreneurship Clinic,"WashU Law's Entrepreneurship Clinic connects students with next-generation businesses and nonprofits, providing legal guidance to entrepreneurs.",startup IP legal clinic university,ip,0.4,queued
2026-01-06 14:36:01,IP / Legal / Licensing,Patent Pro Bono Program: Free patent legal assistance,https://www.uspto.gov/patents/basics/using-legal-services/pro-bono/patent-pro-bono-program,Patent Pro Bono Program: Free patent legal assistance,The program provides free legal assistance to underresourced inventors interested in securing patent protection for their inventions.,patent support entrepreneurship nonprofit,patent,0.4,queued
2026-01-06 14:36:01,IP / Legal / Licensing,Probono,https://inventiv.org/probono/,Probono - Inventiv.org,Inventiv Pro Bono Program. Small businesses and inventors may be eligible to receive free legal help in filing and preparing a patent application.,patent support entrepreneurship nonprofit,patent,0.4,queued
2026-01-06 14:36:01,IP / Legal / Licensing,Inventor Assistance Program (IAP),https://www.wipo.int/en/web/inventor-assistance-program,Inventor Assistance Program (IAP),WIPO's Inventor Assistance Program (IAP) connects individuals and small businesses with qualified professionals who help them navigate the patent system at no ...,patent support entrepreneurship nonprofit,ip; patent,0.5,queued
2026-01-06 14:36:01,IP / Legal / Licensing,Connecting eligible inventors and entrepreneurs with free ...,https://www.uspto.gov/subscription-center/2023/connecting-eligible-inventors-and-entrepreneurs-free-legal-assistance,Connecting eligible inventors and entrepreneurs with free ...,The Patent Pro Bono Program is a nationwide network of independently operated regional programs that match volunteer patent professionals with ...,patent support entrepreneurship nonprofit,patent,0.5,queued
2026-01-06 14:36:01,IP / Legal / Licensing,"Resources for Inventors, Small Businesses and Entrepreneurs",https://guides.lib.uw.edu/c.php?g=341727&p=2299628,"Resources for Inventors, Small Businesses and Entrepreneurs","The Inventors Assistance Center at the USPTO answers general questions about patent examination policy and procedure, including technical ...",patent support entrepreneurship nonprofit,patent,0.4,queued
2026-01-06 14:36:01,IP / Legal / Licensing,Patent Pro Bono Program,https://dickinsonlaw.psu.edu/intellectual-property-clinic/patent-pro-bono-program,Patent Pro Bono Program,"The Patent Pro Bono Program supports and provides services to solo inventors, non-profits, and small businesses. Before submitting an application to the ...",patent support entrepreneurship nonprofit,patent,0.4,queued
2026-01-06 14:36:01,IP / Legal / Licensing,Pro Bono,https://www.nyipla.org/nyipla/ProBono.asp,Pro Bono,The USPTO's Patent Pro Bono Program encourages patent lawyers and agents to volunteer their legal services in a pro bono environment.,patent support entrepreneurship nonprofit,patent,0.4,queued
2026-01-06 14:36:01,IP / Legal / Licensing,IP & Legal,https://guides.nyu.edu/startups/intellectual_property,IP & Legal - Entrepreneurship & Startups,"The Business Transactions Clinic provides free business and transactional legal services to nonprofit organizations, social enterprises, ...",patent support entrepreneurship nonprofit,ip,0.5,queued
2026-01-06 14:36:01,IP / Legal / Licensing,Pro Bono Services,https://ip.indiana.edu/probono/index.html,Pro Bono Services - Center for Intellectual Property Research,"The Center for Intellectual Property Research, in partnership with the US Patent & Trademark Office, operates two pro bono IP legal services.",patent support entrepreneurship nonprofit,ip; intellectual property; patent,0.8,added
2026-01-06 14:36:01,IP / Legal / Licensing,IP Accelerator,https://sell.amazon.com/programs/ip-accelerator,IP Accelerator,The IP Accelerator program connects you with a network of vetted legal service providers that offer trademark support and other intellectual-property services.,intellectual property support accelerator,ip,0.6,added
2026-01-06 14:36:01,IP / Legal / Licensing,Amazon Intellectual Property Accelerator,https://www.aboutamazon.com/news/policy-news-views/amazon-intellectual-property-accelerator,Amazon Intellectual Property Accelerator,A new program that helps brands more quickly obtain intellectual property (IP) rights and brand protection in Amazon's stores.,intellectual property support accelerator,ip; intellectual property,0.6,added
2026-01-06 14:36:01,IP / Legal / Licensing,Intellectual Property Accelerator Fund,https://research.princeton.edu/resources/funding/dean-research-funding/intellectual-property-accelerator-fund,Intellectual Property Accelerator Fund,Advances the development of promising technologies for societal benefit.,intellectual property support accelerator,intellectual property,0.4,queued
2026-01-06 14:36:01,IP / Legal / Licensing,Maximizing Amazon's IP Accelerator Program Benefits and ...,https://grayfalkon.com/maximizing-amazons-ip-accelerator-program-benefits-and-protecting-intellectual-property/,Maximizing Amazon's IP Accelerator Program Benefits and ...,"Amazon's IP Accelerator Program, designed to help businesses quickly and effectively secure IP rights and tackle potential infringements.",intellectual property support accelerator,ip,0.5,queued
2026-01-06 14:36:01,IP / Legal / Licensing,What Is an Amazon IP Accelerator?,https://www.goldsteinpatentlaw.com/amazon-intellectual-property-accelerator/,What Is an Amazon IP Accelerator?,The Amazon IP Accelerator is a tool that helps businesses obtain intellectual property (IP) rights and brand protection on Amazon's marketplaces quickly.,intellectual property support accelerator,ip; intellectual property,0.6,added
2026-01-06 14:36:01,IP / Legal / Licensing,Amazon IP Accelerator,https://sladlaw.com/amazon-ip-accelerator/,Amazon IP Accelerator,Amazon's IP Accelerator program helps sellers protect their brands and gain early access to Brand Registry and its many benefits.,intellectual property support accelerator,ip,0.5,queued
2026-01-06 14:36:01,IP / Legal / Licensing,Amazon IP Accelerator Law Firm,https://www.pch-iplaw.com/amazon-ip-accelerator/,Amazon IP Accelerator Law Firm | Trademark Support for ...,"Peretz, Chesal & Herrmann is an Amazon IP Accelerator Law Firm helping businesses across the country file trademark applications to protect their ideas, ...",intellectual property support accelerator,ip,0.4,queued
2026-01-06 14:36:01,IP / Legal / Licensing,Tips to use incubators and accelerators without putting IP ...,https://www.kleinandwilson.com/articles/tips-to-use-incubators-and-accelerators-without-putting-ip-at-risk/,Tips to use incubators and accelerators without putting IP ...,Protect your intellectual property while still being able to use programs like incubators and accelerators. Klein & Wilson LLP® can tell you how.,intellectual property support accelerator,ip; intellectual property,0.7,added
2026-01-06 14:36:01,IP / Legal / Licensing,AMAZON ACCELERATOR,https://www.hoveywilliams.com/service/amazon-accelerator/,AMAZON ACCELERATOR | Hovey Williams,Our clients can use our expertise and specialized position within the IP Accelerator Program to enroll in the Amazon Brand Registry within mere days after ...,intellectual property support accelerator,ip,0.5,queued
2026-01-06 14:36:01,IP / Legal / Licensing,Licensing,https://www.nsa.gov/Research/Technology-Transfer-Program/Licensing/,Licensing - Technology Transfer Program,The NSA Technology Transfer Program (TTP) helps businesses interested in licensing NSA technology through Patent License Agreements (PLAs).,technology licensing support program,patent; licensing; technology transfer,0.8,added
2026-01-06 14:36:01,IP / Legal / Licensing,Technology Licensing & Transfer Programs,https://www.microsoft.com/en-us/legal/intellectualproperty/tech-licensing,Technology Licensing & Transfer Programs | Microsoft Legal,Discover technology licensing and transfer programs from Microsoft Legal. See how these programs can benefit customers and accelerate product development.,technology licensing support program,licensing,0.4,queued
2026-01-06 14:36:01,IP / Legal / Licensing,Technology Licensing,https://www.motorolasolutions.com/en_us/about/environmental-social-corporate-governance-esg/our-business/technology-leadership/technology-licensing.html,Technology Licensing,Our licensing practice supports both standards-based licensing and proprietary technology licensing programs. Learn more about our technology licensing!,technology licensing support program,licensing,0.4,queued
2026-01-06 14:36:01,IP / Legal / Licensing,Technology Licensing & Entrepreneurship,https://ufhealth.org/research/for-researchers/technology-licensing-entrepreneurship,Technology Licensing & Entrepreneurship - Research,"UF Innovate connects innovators with entrepreneurs, investors and industry, incubates startups and growth companies, and fosters a resilient economy.",technology licensing support program,ip; licensing,0.5,queued
2026-01-06 14:36:01,IP / Legal / Licensing,Licensing NASA Technology,https://technology.nasa.gov/license,Licensing NASA Technology | T2 Portal,NASA's Technology Transfer Portal hosts information on all of the NASA-developed technologies available to your business.,technology licensing support program,licensing; technology transfer,0.5,queued
2026-01-06 14:36:12,Manufacturing / GMP / Scale-Up,Virginia Secures $120 Million Investment To Establish ...,https://pulse2.com/virginia-secures-120-million-investment-to-establish-advanced-pharmaceutical-manufacturing-workforce-center/,Virginia Secures $120 Million Investment To Establish ...,"The new Center will now focus on hands-on, industry-aligned workforce preparation, including GMP-simulated training, credentialing, lab ...",GMP manufacturing support program Virginia,gmp,0.4,queued
2026-01-06 14:36:12,Manufacturing / GMP / Scale-Up,Center for Human Therapeutics cGMP,https://med.virginia.edu/core-facilities/wp-content/uploads/sites/183/2023/10/CHT-cGMP-eBrochure.pdf,Center for Human Therapeutics cGMP,The Center for Human Therapeutics (CHT) facilitates bench-to-bedside translational of preclinical biologics at state of the art Good Manufacturing Practices ( ...,GMP manufacturing support program Virginia,manufacturing; gmp,0.5,queued
2026-01-06 14:36:12,Manufacturing / GMP / Scale-Up,Advancing Pharmaceutical Manufacturing in Central Virginia,https://www.vabio.org/advancing-pharmaceutical-manufacturing-in-central-virginia-the-success-of-the-go-virginia-grant/,Advancing Pharmaceutical Manufacturing in Central Virginia,This grant laid the foundation for Central Virginia's growth as a hub for advanced pharmaceutical manufacturing (APM) by leveraging the region's strengths.,GMP manufacturing support program Virginia,manufacturing,0.5,queued
2026-01-06 14:36:12,Manufacturing / GMP / Scale-Up,FST,https://register.ext.vt.edu/search/publicCourseSearchDetails.do?method=load&courseId=1535963&selectedProgramAreaId=25577&selectedProgramStreamId=,FST-FS-GMP-01 Current Good Manufacturing Practice (cGMPs),This Current Good Manufacturing Practice (cGMPs) Course is designed to review the requirements of Part 117 Subpart B – Current Good Manufacturing Practice.,GMP manufacturing support program Virginia,manufacturing; gmp,0.5,queued
2026-01-06 14:36:12,Manufacturing / GMP / Scale-Up,Help your hardware clients scale up quickly,https://manufacturingaccelerator.org/accelerators/,Help your hardware clients scale up quickly,NextCorps' Manufacturing Accelerator helps entrepreneur support organizations by providing the tools needed to assess their readiness to scale up.,scale-up manufacturing accelerator,manufacturing,0.5,queued
2026-01-06 14:36:12,Manufacturing / GMP / Scale-Up,Manufacturing Accelerator Program: High,https://icic.org/programs/manufacturing-accelerator-program/,Manufacturing Accelerator Program: High-Growth Strategies ...,"It equips participants with the tools they need to compete, innovate, and scale effectively through expert-led classes and peer-to-peer networking. MAP will ...",scale-up manufacturing accelerator,manufacturing,0.6,added
2026-01-06 14:36:12,Manufacturing / GMP / Scale-Up,ScaleUp Lab Program: Home,https://scaleuplab.gatech.edu/,ScaleUp Lab Program: Home,A mentor pool with systematic mentoring procedures to boost startups through scale-up and successful market launch.,scale-up manufacturing accelerator,scale-up,0.4,queued
2026-01-06 14:36:12,Manufacturing / GMP / Scale-Up,Manufacturing Hardware Accelerator,https://crea.cornell.edu/project/prototype-to-production-hardware-accelerator/,Manufacturing Hardware Accelerator,"A twelve-month, cohort-based program supporting startups ready to take their prototypes into production. ​The tools and knowledge required to identify a ...",scale-up manufacturing accelerator,manufacturing; production,0.7,added
2026-01-06 14:36:12,Manufacturing / GMP / Scale-Up,Manufacturing Hardware Accelerator,https://www.revithaca.com/manufacturing-hardware-accelerator/,Manufacturing Hardware Accelerator,A cohort-based program that supports hardware startups ready to bring their prototypes into production.,scale-up manufacturing accelerator,manufacturing; production,0.7,added
2026-01-06 14:36:12,Manufacturing / GMP / Scale-Up,"Inventor Help: Concept, Prototype, Engineer + Production ...",https://prototypehouse.com/,"Inventor Help: Concept, Prototype, Engineer + Production ...","We provide a full suite of end-to-end product design services, including ideation, prototyping, engineering, packaging, and manufacturing.",prototype to manufacturing support center,manufacturing; production,0.5,queued
2026-01-06 14:36:12,Manufacturing / GMP / Scale-Up,Prototyping and Manufacturing Center,https://www.fronius.com/en-us/usa/welding-technology/innovative-solutions/prototyping-manufacturing-center,Prototyping and Manufacturing Center,360° service: Our experts support you from the initial consultation through to the development and production of your component.,prototype to manufacturing support center,manufacturing; production,0.6,added
2026-01-06 14:36:12,Manufacturing / GMP / Scale-Up,Protolabs Network (formerly Hubs),https://www.hubs.com/,Protolabs Network (formerly Hubs) | On-demand ...,Hubs is now Protolabs Network. Manufacturing capabilities for complex custom parts–from prototypes to production. 3D printing | CNC machining | injection ...,prototype to manufacturing support center,manufacturing; production,0.7,added
2026-01-06 14:36:12,Manufacturing / GMP / Scale-Up,Prototyping Services,https://fathommfg.com/prototyping,Prototyping Services | Fathom,Our experienced engineers will help you efficiently move your projects from prototype to production. Our focus on prototype manufacturing and low- to mid ...,prototype to manufacturing support center,manufacturing; production,0.5,queued
2026-01-06 14:36:12,Manufacturing / GMP / Scale-Up,Prototype manufacturing,https://perspectivasolutions.com/prototype-manufacturing/,Prototype manufacturing,// Prototyping support center. Our Technical Support Team will Always Assist You ASAP. 01. Our support team offers technical support for partners. Let us know ...,prototype to manufacturing support center,manufacturing,0.4,queued
2026-01-06 14:36:12,Manufacturing / GMP / Scale-Up,Future of Manufacturing Fund,https://www.uwgc.org/partner-with-us/future-manufacturing-fund/,Future of Manufacturing Fund,Funding and technical assistance supports partners in replicating proven practices and scaling existing solutions to improve outcomes. Year I (2024-2025).,manufacturing scale-up support nonprofit,manufacturing; scaling,0.5,queued
2026-01-06 14:36:12,Manufacturing / GMP / Scale-Up,MAGNET: The Manufacturing Advocacy And Growth Network,https://www.eda.gov/funding/programs/sprint-challenge/2021/MAGNET-The-Manufacturing-Advocacy-And-Growth-Network,MAGNET: The Manufacturing Advocacy And Growth Network,"Industry 4.0 technologies like robots and connected machines allow for rapid scaling up of manufacturing, running “lights out” where possible, and the data ...",manufacturing scale-up support nonprofit,manufacturing; scaling,0.6,added
2026-01-06 14:36:12,Manufacturing / GMP / Scale-Up,AMIP: Workforce Development Nonprofit in Cincinnati,https://amipcincy.org/about,AMIP: Workforce Development Nonprofit in Cincinnati,Advanced Manufacturing Industry Partnership is a registered nonprofit focused on manufacturing workforce and career awareness.,manufacturing scale-up support nonprofit,manufacturing,0.4,queued
2026-01-06 14:36:12,Manufacturing / GMP / Scale-Up,Programs,https://www.manufacturing.gov/programs,Programs,"LIFT, a Manufacturing USA Institute, is a nonprofit, public-private partnership between industry, academia, and government that supports our nation's economy ...",manufacturing scale-up support nonprofit,manufacturing,0.6,added
2026-01-06 14:36:12,Manufacturing / GMP / Scale-Up,Manufacturing Assistance,https://www.innovationworks.org/founders/manufacturing-assistance/,Manufacturing Assistance,"The Scalable Grant program provides up to $25,000 in reimbursement to support collaborations with Pennsylvania-based manufacturers and suppliers.",manufacturing scale-up support nonprofit,manufacturing,0.4,queued
2026-01-06 14:36:12,Manufacturing / GMP / Scale-Up,Defense Manufacturing Community Support Program,https://oldcc.gov/our-programs/defense-manufacturing-community-support-program,Defense Manufacturing Community Support Program,The Defense Manufacturing Community Support Program is a competitive grant program designed to support long-term community investments that strengthen national ...,manufacturing scale-up support nonprofit,manufacturing,0.4,queued
2026-01-06 14:36:12,Manufacturing / GMP / Scale-Up,The Manufacturing USA Institute Model,https://www.manufacturingusa.com/pages/manufacturing-usa-institute-model,The Manufacturing USA Institute Model,Manufacturing USA institutes are designed to enable large-scale collaboration and develop manufacturing technologies that address national priorities.,manufacturing scale-up support nonprofit,manufacturing,0.4,queued
2026-01-06 14:36:12,Manufacturing / GMP / Scale-Up,GMP Culture for Startups,https://cgmpconsulting.com/gmp-culture-for-startups/,GMP Culture for Startups,How new manufacturers can build a strong GMP foundation and compliance culture from day one.,GMP compliance support startup,gmp,0.4,queued
2026-01-06 14:36:12,Manufacturing / GMP / Scale-Up,Setting Up a GMP,https://assureallc.com/setting-up-a-gmp-compliant-qc-lab-csv-foundations-for-biotech-startups/,Setting Up a GMP-Compliant QC Lab: CSV Foundations for ...,"Launching a biotech company is an exciting journey, especially when it's time to build your first GMP-compliant Quality Control (QC) lab.",GMP compliance support startup,gmp,0.4,queued
2026-01-06 14:36:12,Manufacturing / GMP / Scale-Up,InstantGMP: All,https://instantgmp.com/,"InstantGMP: All-in-One Manufacturing, Inventory & Quality SaaS","InstantGMP offers a streamlined and future-ready approach to life science electronic batch records, inventory management, and quality management.",GMP compliance support startup,manufacturing; gmp,0.5,queued
2026-01-06 15:43:47,Regulatory / FDA,Home,https://virginiaapex.org/,Home - Virginia APEX Accelerator at George Mason ...,"The Virginia APEX Accelerator, formerly known as the Virginia Procurement Technical Assistance Center, is a sponsored program of George Mason University.",FDA regulatory consulting nonprofit accelerator Virginia,,0.4,queued
2026-01-06 15:43:47,Regulatory / FDA,Regulatory Affairs,https://ssistrategy.com/services/regulatory-affairs/,Regulatory Affairs,"We specialize in crafting comprehensive, multi-jurisdictional dossiers that pave the way for swift approval across different regions.",regulatory affairs consulting startup support,regulatory; regulatory affairs,0.5,added
2026-01-06 15:43:47,Regulatory / FDA,US FDA Regulatory Affairs Consulting,https://www.propharmagroup.com/services/regulatory-sciences/fda-regulatory-consulting/,US FDA Regulatory Affairs Consulting,"Our FDA consultants develop detailed regulatory strategies for your product, providing a clear path forward through all the critical FDA milestones. All of the ...",regulatory affairs consulting startup support,fda; regulatory; regulatory affairs,0.7,added
2026-01-06 15:43:47,Regulatory / FDA,FDA Pre,https://www.thefdagroup.com/services/fda-pre-submission-q-sub-support,FDA Pre-submission (Q-Sub) Support Services,"Optimize your FDA submissions with our expert Q-submission services, ensuring alignment, strategic feedback, and streamlined regulatory pathways for medical ...",FDA submission support program,fda; regulatory,0.5,queued
2026-01-06 15:44:04,Clinical & Translational Support,Wright Center for Clinical and Translational Research,https://cctr.vcu.edu/,Wright Center for Clinical and Translational Research,"As the first federally funded clinical and translational research center in Virginia, the Wright Center fosters research collaborations across the state and ...",clinical translation support program Virginia,clinical; translational; cro; translational research,1.0,added
2026-01-06 15:44:04,Clinical & Translational Support,UVA Translational Research Funds,https://lvg.virginia.edu/funding/uva-translational-research-funds,UVA Translational Research Funds,The goal of this program is to support/develop translational research projects that address unmet clinical needs and lead to improvements in care of patients ...,clinical translation support program Virginia,clinical; translational; translational research,0.8,skipped_duplicate
2026-01-06 15:44:04,Clinical & Translational Support,MTRAC Innovation Hub for Life Sciences,https://innovationpartnerships.umich.edu/resource/mtrac-for-life-sciences-innovation-hub/,MTRAC Innovation Hub for Life Sciences - UM,"A statewide program supporting translational research projects in life sciences with high commercial potential, with the ultimate goal of positively impacting ...",translational research commercialization support,translational; translational research,0.7,added
2026-01-06 15:44:04,Clinical & Translational Support,Research & Innovation,https://www.tgh.org/research-and-innovation,Research & Innovation | Tampa General ...,"Clinical Trials. When participating in a clinical trial at TGH, our experienced clinical research team will be by your side to provide support, guidance and the ...",clinical trials support innovation hub,clinical; clinical trial; clinical research,0.7,added
2026-01-06 15:44:04,Clinical & Translational Support,Global FSHD Innovation Hub,https://www.fshdsociety.org/research-and-clinical-care/therapeutic-accelerator/global-fshd-innovation-hub/,Global FSHD Innovation Hub,"FSHD Clinical Trial Support: As a specialized contract research organization (CRO), the Hub manages and optimizes FSHD clinical trials, improving site ...",clinical trials support innovation hub,clinical; cro; clinical trial,0.9,added
2026-01-06 15:44:04,Clinical & Translational Support,Innovation Hub,https://www.iqvia.com/about-us/innovation-hub,Innovation Hub,"Areas where we are actively seeking partnership include patient engagement, remote monitoring, decentralized clinical trials, telehealth, behavioral health, and ...",clinical trials support innovation hub,clinical; clinical trial,0.6,skipped_duplicate
2026-01-06 15:44:04,Clinical & Translational Support,Innovation Clinical Trials: Medical Reseach Center,https://innovationclinicaltrials.com/,Innovation Clinical Trials: Medical Reseach Center,Innovation Clinical Trials has an almost constant supply of new and on-going clinical studies that need compensated volunteers as participants.,clinical trials support innovation hub,clinical; clinical trial,0.6,added
2026-01-06 15:44:04,Clinical & Translational Support,CRO Growth Initiative,https://www.oracle.com/life-sciences/cro-growth-initiative/,CRO Growth Initiative,"Gain a competitive edge, win more sponsor business, and execute more clinical trials efficiently and cost effectively with Oracle's CRO Growth Initiative.",CRO support startup accelerator,clinical; cro; clinical trial,0.7,added
2026-01-06 15:44:04,Clinical & Translational Support,Translational Therapeutics Accelerator,https://c-path.org/program/translational-therapeutics-accelerator/,Translational Therapeutics Accelerator,"TRxA is a global drug discovery and development program focused on supporting academic scientists in defining optimal strategies for advancing new, cutting- ...",CRO support startup accelerator,translational,0.5,queued
2026-01-06 15:44:04,Clinical & Translational Support,Biotech Accelerator,https://biometasgroup.com/biotech-accelerator/,Biotech Accelerator,The BioMetas Accelerator gives you access to a team of veteran service providers in the industry from Pre-clinical CRO to Commercial manufacturing services on- ...,CRO support startup accelerator,clinical; cro,0.6,added
2026-01-06 15:44:04,Clinical & Translational Support,Clinical Trials Fund,https://cihr-irsc.gc.ca/e/52987.html,Clinical Trials Fund - CIHR,The Clinical Trials Fund (CTF) has helped to reinforce Canada's clinical trials ecosystem by investing in research and infrastructure through three main ...,clinical development support nonprofit,clinical; clinical trial,0.4,queued
2026-01-06 15:44:04,Clinical & Translational Support,About,https://ctontario.ca/about-cto/,About,"Clinical Trials Ontario is a leading non-profit organization in the clinical trials community dedicated to strengthening, promoting and capitalizing on Ontario ...",clinical development support nonprofit,clinical; clinical trial,0.5,queued
2026-01-06 15:44:04,Clinical & Translational Support,Our Impact,https://www.kindredfoundation.ca/about-us/our-impact,Our Impact,A financial program for families across Canada who must travel to access treatment through clinical trials for children and adolescents with cancer. Family ...,clinical development support nonprofit,clinical; cro; clinical trial,0.7,added
2026-01-06 15:44:18,IP / Legal / Licensing,Detkin Intellectual Property & Technology Legal Clinic,https://www.law.upenn.edu/clinic/intellectualproperty/,Detkin Intellectual Property & Technology Legal Clinic,The DIPTC is a teaching law firm that allows students to directly service clients under the close supervision of licensed attorneys.,startup IP legal clinic university,ip; intellectual property,0.5,queued
2026-01-06 15:44:18,IP / Legal / Licensing,Intellectual Property & Entrepreneurship Clinic,https://www.suffolk.edu/law/academics-clinics/clinics-experiential-opportunities/clinics/intellectual-property-and-entrepreneurship,Intellectual Property & Entrepreneurship Clinic,The IPEC provides student attorneys the opportunity to counsel clients on an extensive range of intellectual property issues.,startup IP legal clinic university,ip; intellectual property,0.5,queued
2026-01-06 15:44:18,IP / Legal / Licensing,Intellectual Property and Entrepreneurship Law Clinic,https://law.uconn.edu/academics/clinics-experiential-education/intellectual-property-entrepreneurship-law-clinic/,Intellectual Property and Entrepreneurship Law Clinic,The Intellectual Property and Entrepreneurship Law Clinic assists eligible Connecticut innovator-entrepreneurs with intellectual property matters.,startup IP legal clinic university,ip; intellectual property,0.5,queued
2026-01-06 15:44:18,IP / Legal / Licensing,Intellectual Property Clinic,https://ipc.launchbox.psu.edu/,Intellectual Property Clinic - Penn State,"The Intellectual Property Clinic offers free legal services and counseling in intellectual property strategy to startup companies, nonprofits and ...",startup IP legal clinic university,intellectual property,0.4,queued
2026-01-06 15:44:18,IP / Legal / Licensing,Free Patent Filing Assistance In Enterprise,https://inventiv.org/blog/free-patent-filing-assistance-in-enterprise,Free Patent Filing Assistance In Enterprise - inventiv,"LegalCORPS is a nonprofit organization that offers free legal assistance to low-income entrepreneurs, focusing on business law and intellectual property. It ...",patent support entrepreneurship nonprofit,intellectual property; patent,0.6,added
2026-01-06 15:44:18,IP / Legal / Licensing,Everything You Wanted To Know About Amazon IP ...,https://www.aihello.com/resources/blog/everything-you-wanted-to-know-about-amazon-ip-accelerator-for-faster-brand-registry/,Everything You Wanted To Know About Amazon IP ...,The tool assists businesses in obtaining intellectual property (IP) rights and brand protection in Amazon's marketplaces more quickly.,intellectual property support accelerator,ip; intellectual property,0.4,queued
2026-01-06 15:44:18,IP / Legal / Licensing,SMR Licensing Technical Support (LTS) Program,https://www.energy.gov/ne/smr-licensing-technical-support-lts-program,SMR Licensing Technical Support (LTS) Program,"The Department established the SMR Licensing Technical Support (LTS) program in fiscal year (FY) 2012 to work directly with industry, research institutions.",technology licensing support program,licensing,0.4,queued
2026-01-06 15:44:18,IP / Legal / Licensing,Center For Technology Licensing: Home,https://ctl.cornell.edu/,Center For Technology Licensing: Home,"The Center for Technology Licensing (CTL) is the commercialization arm of Cornell, bringing innovations from the lab to the marketplace.",technology licensing support program,licensing,0.4,queued
2026-01-06 15:44:18,IP / Legal / Licensing,MIT Technology Licensing Office: Home,https://tlo.mit.edu/,MIT Technology Licensing Office: Home,"The MIT Technology Licensing Office (TLO) helps identify, protect, market, and license MIT's intellectual property. By moving innovations and discoveries ...",technology licensing support program,intellectual property; licensing,0.5,queued
2026-01-06 15:44:18,IP / Legal / Licensing,Technology Transfer,https://netl.doe.gov/business/tech-transfer/licensing,Technology Transfer - Licensing,Licenses transfer government-owned intellectual property (IP) to the private sector. NETL licenses to partners who have a commercialization plan with a high ...,technology licensing support program,ip; intellectual property; licensing; technology transfer,0.9,skipped_duplicate
2026-01-06 15:44:35,Manufacturing / GMP / Scale-Up,Governor Glenn Youngkin Announces Industry Partnership ...,https://www.governor.virginia.gov/newsroom/news-releases/2025/october/name-1070487-en.html,Governor Glenn Youngkin Announces Industry Partnership ...,"... Good Manufacturing Practice (GMP) simulated training. Apprenticeships, internships, and employer projects will be activated and expanded ...",GMP manufacturing support program Virginia,manufacturing; gmp,0.5,queued
2026-01-06 15:44:35,Manufacturing / GMP / Scale-Up,Alliance for Building Better Medicine and the Virginia ...,https://www.prnewswire.com/news-releases/alliance-for-building-better-medicine-and-the-virginia-innovation-partnership-celebrate-120-million-investment-from-astrazeneca-eli-lilly-and-merck-to-advance-virginias-advanced-pharmaceutical-manufacturing-workforce-302606069.html,Alliance for Building Better Medicine and the Virginia ...,"... Good Manufacturing Practice (GMP) simulated training, classroom labs, and apprenticeships and internships. ""This moment reflects the power ...",GMP manufacturing support program Virginia,manufacturing; gmp,0.6,added
2026-01-06 15:44:35,Manufacturing / GMP / Scale-Up,Scale,https://www.bbeu.org/what-we-offer/additional-services/scale-up-accelerator-network/,Scale-up Accelerator Network,The Scale-up Accelerator Network is a program that links start-ups with seasoned industry experts who can give an independent review and help you with your ...,scale-up manufacturing accelerator,scale-up,0.6,added
2026-01-06 15:44:35,Manufacturing / GMP / Scale-Up,Prototype Fabrication,https://www.lanl.gov/engage/organizations/weapons-engineering/prototype-fabrication,Prototype Fabrication,"Prototype Fabrication Manufacturing (PF-MFG) provides machining, welding, CNC programming and design support for high-precision components across a diverse ...",prototype to manufacturing support center,manufacturing,0.4,queued
2026-01-06 15:44:35,Manufacturing / GMP / Scale-Up,Grant Assistance,https://tdo.org/grant-assistance/,Grant Assistance - TDO,"The Manufacturing Productivity Program (MPP) provides matching grants of up to $15,000 or 40% (whichever is less) of the costs incurred by eligible applicants ...",manufacturing scale-up support nonprofit,manufacturing,0.4,queued
2026-01-06 18:44:09,Regulatory / FDA,FDA Regulatory Services,https://ingenucro.com/regulatory/,FDA Regulatory Services,iNGENū CRO extends its expertise in guiding you through the critical stages of FDA Pre-Investigational New Drug (Pre-IND) and Investigational New Drug (IND) ...,IND regulatory support organization,fda; regulatory; ind,0.7,added
2026-01-06 18:44:09,Regulatory / FDA,Clinical Trials Regulatory Support,https://www.uthsc.edu/research/human-subjects-research/clinical-trials-regulatory-support.php,Clinical Trials Regulatory Support | human-subjects-research,We primarily serve investigators whose research may require an IND/IDE application to the US Food and Drug Administration. Our office assists ...,IND regulatory support organization,regulatory; ind; ide,0.7,added
2026-01-06 18:44:09,Regulatory / FDA,Investigational New Drugs and Biologics,https://irb.ucsf.edu/investigational-new-drugs-and-biologics,Investigational New Drugs and Biologics,"FDA Regulatory Support at UCSF provides free consultations to the UCSF community on compliance with FDA regulations, including IND applications.",IND regulatory support organization,fda; regulatory; ind; ide,0.9,added
2026-01-06 18:44:09,Regulatory / FDA,Regulatory Consulting Services,https://synergbiopharma.com/solutions/regulatory-consulting-end-to-end-strategy/,Regulatory Consulting Services,"Support critical development milestones with Syner-G's regulatory consulting services, offering guidance across all phases of the product lifecycle.",regulatory affairs consulting startup support,regulatory; regulatory consulting,0.5,queued
2026-01-06 18:44:09,Regulatory / FDA,Electronic Regulatory Submission and Review,https://www.fda.gov/drugs/forms-submission-requirements/electronic-regulatory-submission-and-review,Electronic Regulatory Submission and Review,This page provides information about the electronic submission of regulatory information to the Center and the review of it by CDER staff.,FDA submission support program,regulatory; ide,0.6,added
2026-01-06 18:44:09,Regulatory / FDA,US FDA Regulatory Submission Support,https://complypharma.ai/service/us-fda-regulatory-submission-support/,US FDA Regulatory Submission Support - complypharma,"Full-spectrum US FDA submission support; Expertise in drug, biologics, and device submissions; End-to-end guidance for faster approvals.",FDA submission support program,fda; regulatory,0.4,queued
2026-01-06 18:44:26,Clinical & Translational Support,Research & clinical trials,https://www.vcuhealth.org/explore-vcu-health/research-and-clinical-trials/,Research & clinical trials,Explore open clinical trials that are currently enrolling participants. Visit the VCU C. Kenneth and Diane Wright Center for Clinical and Translational ...,clinical translation support program Virginia,clinical; translational; clinical trial,0.8,skipped_duplicate
2026-01-06 18:44:26,Clinical & Translational Support,First Flight Venture Center,https://www.ffvcnc.org/wheelsup,First Flight Venture Center — WheelsUP Accelerator,The WheelsUP Accelerator is a mentor-driven program that will rapidly advance early-stage teams through intensive business and technical education.,CRO support startup accelerator,,0.4,queued
2026-01-06 18:44:26,Clinical & Translational Support,The CRI Anna,https://www.cancerresearch.org/clinical-accelerator,The CRI Anna-Maria Kellen Clinical Accelerator,The CRI Anna-Maria Kellen Clinical Accelerator is a venture philanthropy-backed strategy that supports multi-centered clinical trials testing novel ...,clinical development support nonprofit,clinical; clinical trial,0.7,added
2026-01-06 18:44:38,IP / Legal / Licensing,Technology Transfer Office,https://erau.edu/research-park/micaplex/technology-transfer-office,Technology Transfer Office,"Embry-Riddle's Technology Transfer Office, a part of the Legal Department, secures intellectual property protection for the inventions produced.",technology transfer licensing office Virginia,intellectual property; technology transfer,0.5,queued
2026-01-06 18:44:38,IP / Legal / Licensing,Intellectual Property and Entrepreneurship Law Clinic,https://outreach.engagement.uconn.edu/programs/intellectual-property-and-entrepreneurship-law-clinic/,Intellectual Property and Entrepreneurship Law Clinic,"Provides law students with the unique opportunity to counsel Connecticut's innovators, entrepreneurs, and startups on a wide range of intellectual property law ...",startup IP legal clinic university,ip; intellectual property,0.5,queued
2026-01-06 18:44:38,IP / Legal / Licensing,Intellectual Property Clinic,https://dickinsonlaw.psu.edu/intellectual-property-clinic,Intellectual Property Clinic,"The Intellectual Property Clinic offers free legal services and counseling in intellectual property strategy to startup companies, nonprofit entities, and",startup IP legal clinic university,intellectual property,0.4,queued
2026-01-06 18:44:38,IP / Legal / Licensing,Patent Pro Bono Program,https://vlany.org/patent-pro-bono-program/,Patent Pro Bono Program - VLA,"We are able to provide pro bono patent assistance to artists, creators, and independent inventors who are interested in applying for a design patent or a ...",patent support entrepreneurship nonprofit,patent,0.4,queued
2026-01-06 18:44:38,IP / Legal / Licensing,ElevateIP,https://elevate-ip.ca/,ElevateIP,"Up to $100,000 in. intellectual property services. Eligible startups that successfully undergo our application process may receive funding for expert ...",intellectual property support accelerator,ip; intellectual property,0.4,queued
2026-01-06 18:44:38,IP / Legal / Licensing,Amazon IP Accelerator: Trademark support for your brand,https://sell.amazon.ca/programs/ip-accelerator,Amazon IP Accelerator: Trademark support for your brand,Amazon IP Accelerator connects you with a network of vetted legal service providers that offer trademark support and other intellectual-property services.,intellectual property support accelerator,ip,0.4,queued
2026-01-06 18:44:38,IP / Legal / Licensing,Government IP Funding Programs Across Canada,https://mbm.com/government-ip-funding-programs-across-canada/,Government IP Funding Programs Across Canada,ElevateIP is a federal program delivered Canada-wide through selected business accelerators and incubators (BAIs) in collaboration with regional ...,intellectual property support accelerator,ip,0.5,queued
2026-01-06 18:44:38,IP / Legal / Licensing,Technology Licensing & New Ventures,https://patents.princeton.edu/front,Technology Licensing & New Ventures,"We help faculty and staff develop intellectual property strategies and assist in filing new patent applications. We also connect industry partners, investors, ...",technology licensing support program,intellectual property; patent; licensing,0.7,added
2026-01-06 18:44:38,IP / Legal / Licensing,Technology Programs,https://nysbdc.org/specialty-programs/technology/,Technology Programs | New York SBDC,"We offer comprehensive services, including: Guidance on intellectual property and licensing strategies; Assistance with SBIR and STTR grant applications ...",technology licensing support program,intellectual property; licensing,0.6,added
2026-01-06 18:44:50,Manufacturing / GMP / Scale-Up,Digital Manufacturing from Prototyping to Production,https://www.protolabs.com/parts/prototyping-to-production-v1/,Digital Manufacturing from Prototyping to Production,"We're here from start to finish to support you throughout your manufacturing journey. From custom prototyping to end-use production and every phase in-between, ...",prototype to manufacturing support center,manufacturing; production,0.5,queued
2026-01-06 18:44:50,Manufacturing / GMP / Scale-Up,Manufacturing,https://www.queencityeng.com/manufacturing,Manufacturing | Charlotte,"At Queen City Engineering & Design, we go beyond digital design. We specialize in low-volume, high precision production and prototype fabrication.",prototype to manufacturing support center,manufacturing; production,0.5,queued
2026-01-06 18:44:50,Manufacturing / GMP / Scale-Up,NY Manufacturing Extension Partnership Overview,https://nysbdc.org/learning-lab/ny-manufacturing-extension-partnership-overview-technology-resources-and-grants-for-manufacturers/,NY Manufacturing Extension Partnership Overview,"A non-profit that supports New York State manufacturers and technology companies through technology matching, funding programs, and marketing services.",manufacturing scale-up support nonprofit,manufacturing,0.4,queued
2026-01-06 18:44:50,Manufacturing / GMP / Scale-Up,NYS Manufacturing Funding and Grant Opportunities,https://fuzehub.com/navigating-the-landscape-of-funding-sources-for-nys-manufacturers/,NYS Manufacturing Funding and Grant Opportunities,"Assistance with technology transfer and scale-up, including pollution prevention opportunities, development of process and product designs, and training on ...",manufacturing scale-up support nonprofit,manufacturing; scale-up,0.5,queued
2026-01-06 18:44:50,Manufacturing / GMP / Scale-Up,Notice of Funding Opportunity for Massachusetts ...,https://innovation.masstech.org/notice-funding-opportunity-massachusetts-manufacturing-accelerate-program,Notice of Funding Opportunity for Massachusetts ...,"The Massachusetts Manufacturing Accelerate Program (“MMAP”) provides capital cost share up to $200,000 for projects located within the Commonwealth's borders, ...",manufacturing scale-up support nonprofit,manufacturing,0.4,queued
2026-01-06 18:44:50,Manufacturing / GMP / Scale-Up,Business Strategy Services for Manufacturing,https://www.techsolve.org/business-strategy/,Business Strategy Services for Manufacturing,"TechSolve's business strategy uses Scaling Up, a strategic planning, performance platform based on the ten Rockefeller habits designed to help companies “Scale ...",manufacturing scale-up support nonprofit,manufacturing; scaling,0.5,queued
2026-01-06 21:00:35,Regulatory / FDA,Regulatory Affairs Study Start,https://www.ctifacts.com/clinical-services/regulatory-affairs-study-start-up,Regulatory Affairs Study Start-Up | CTI,CTI's global Regulatory Affairs Study Start-up team assists international sites with local and central IRB/EC submissions.,regulatory affairs consulting startup support,regulatory; regulatory affairs,0.5,queued
2026-01-06 21:00:51,Clinical & Translational Support,CTSA Network,https://cctr.vcu.edu/collaborations/ctsa-network/,CTSA Network - Wright Center - Virginia Commonwealth ...,"As the first academic health center in Virginia to receive a Clinical & Translational Science Award (CTSA), VCU fosters clinical research ...",clinical translation support program Virginia,clinical; translational; clinical research,0.9,added
2026-01-06 21:01:10,IP / Legal / Licensing,Intellectual Property & Entrepreneurship Clinic,https://www.law.umaryland.edu/academics/clinics/intellectual-property--entrepreneurship-clinic/,Intellectual Property & Entrepreneurship Clinic,Student attorneys in the Intellectual Property and Entrepreneurship Clinic (IPEC) will represent and counsel small businesses and entrepreneurs in intellectual ...,startup IP legal clinic university,ip; intellectual property,0.5,queued
2026-01-06 21:01:10,IP / Legal / Licensing,Patent Pro Bono Program,https://www.ncbarfoundation.org/our-programs/patent-pro-bono-program/,Patent Pro Bono Program,The Patent Pro Bono Program is an opportunity for volunteer patent attorneys to provide pro bono legal services to low-wealth solo inventors.,patent support entrepreneurship nonprofit,patent,0.4,queued
2026-01-06 21:01:10,IP / Legal / Licensing,Intellectual Property Legal Clinic,https://www.nccu.edu/law/clinics/intellectual-property-clinic,Intellectual Property Legal Clinic,"The IP Clinic's Patent Division provides solo inventors, businesses, and non-profits assistance in registering a patent before the U.S. Patent and Trademark ...",patent support entrepreneurship nonprofit,ip; intellectual property; patent,0.7,added
2026-01-06 21:01:10,IP / Legal / Licensing,"North Carolina Bar Foundation, Patent Pro Bono Program",https://www.probono.net/network/volunteer/organization.135654-North_Carolina_Bar_Foundation_Patent_Pro_Bono_Program,"North Carolina Bar Foundation, Patent Pro Bono Program","Attorneys who volunteer for the NC LEAP Patent Pro Bono Project provide pro bono assistance for inventors in North Carolina, South Carolina and Tennessee who ...",patent support entrepreneurship nonprofit,patent,0.4,queued
2026-01-06 21:01:10,IP / Legal / Licensing,Intellectual Property Accelerator Fund,https://patents.princeton.edu/faculty-researchers/funding-opportunities/ip-accelerator-fund,Intellectual Property Accelerator Fund - Technology Licensing,The Intellectual Property Accelerator Fund awards gap funding to Princeton investigators with the goal of fostering and advancing the development of nascent ...,intellectual property support accelerator,intellectual property; licensing,0.6,added
2026-01-06 21:01:10,IP / Legal / Licensing,Amazon IP Accelerator,https://avenue7media.com/amazon-ip-accelerator/,Amazon IP Accelerator | Register a Trademark using ...,"Amazon IP Accelerator provides brands and sellers with vetted IP Law Firms for legal support with trademarks, patents, copyright and brand protection.",intellectual property support accelerator,ip; patent,0.6,added
2026-01-06 21:01:10,IP / Legal / Licensing,Tech Transfer,https://www.griffissinstitute.org/tech-transfer/,Tech Transfer,"Through our Tech Transfer & Innovation Portal, we connect researchers and industry leaders, offering support with invention disclosures, patents, licensing, and ...",technology licensing support program,patent; licensing,0.5,queued
2026-01-06 21:01:10,IP / Legal / Licensing,Technology Licensing,https://commercialization.wsu.edu/technology-licensing/,Technology Licensing - Innovation and Entrepreneurship,The Office of Commercialization assists with licensing innovations created by WSU researchers. We follow a straightforward process to reach a license agreement.,technology licensing support program,ip; licensing,0.5,queued
2026-01-06 21:01:10,IP / Legal / Licensing,Supporting Technology and Knowledge Transfer,https://www.wipo.int/en/web/patents/technology,Supporting Technology and Knowledge Transfer,"WIPO supports mutually-beneficial technology transfer through patent information services, innovation support programs and tools, projects and activities.",technology licensing support program,ip; patent; technology transfer,0.7,added
2026-01-06 21:01:10,IP / Legal / Licensing,Licensing Practices to Support Startups,https://ipira.berkeley.edu/licensing-practices-support-startups,Licensing Practices to Support Startups,The UC Berkeley Office of Technology Licensing follows 12 practices to support early stage startups that license the university's IP.,technology licensing support program,ip; licensing,0.5,queued
2026-01-06 21:01:22,Manufacturing / GMP / Scale-Up,GMP CLEAN (Good Manufacturing Practices: Cleanroom ...,https://cece.vt.edu/GOVAR2/GOVirginiaFundedProjects/gmp-clean.html,GMP CLEAN (Good Manufacturing Practices: Cleanroom ...,GMP CLEAN will address the need for cleanroom space through planning activities geared toward surveying region-wide and statewide needs.,GMP manufacturing support program Virginia,manufacturing; gmp,0.5,queued
2026-01-06 21:01:22,Manufacturing / GMP / Scale-Up,Manufacturing Resources,https://sbdc.colorado.gov/programs-resources/manufacturing-resources,Manufacturing Resources | Small Business Development ...,Warehouse Business Accelerator. Learn how Northern Colorado's technology and advanced manufacturing scale-up accelerator can help you tap into various business ...,scale-up manufacturing accelerator,manufacturing; scale-up,0.6,added
2026-01-06 21:01:22,Manufacturing / GMP / Scale-Up,Massachusetts Manufacturing Accelerator Program (MMAP),https://cam.masstech.org/mmap,Massachusetts Manufacturing Accelerator Program (MMAP),The MMAP program aims to help Massachusetts-based small to medium-sized manufacturers prepare their businesses to meet the demands of Industry 4.0.,scale-up manufacturing accelerator,manufacturing,0.5,queued
2026-01-06 21:01:22,Manufacturing / GMP / Scale-Up,Future Manufacturing (FM),https://www.us-ignite.org/tools/fundings/future-manufacturing-grants/,Future Manufacturing (FM),"Future Manufacturing Networks (FMNet) – Awards in this track will provide up to five years of support at a total amount of $500,000. Interdisciplinary teams ...",manufacturing scale-up support nonprofit,manufacturing,0.4,queued
